Workbook
Name Slicer_Age_criteria: #N/A
Name Slicer_credits: #N/A
Name Slicer_Gender1: #N/A
Name Slicer_Geography: #N/A

Sheet Sheet4
A3: Sum of credits | B3: Column Labels
A4: Row Labels | B4: Above 10 | C4: Above 20 | D4: Above 30 | E4: Above 40 | F4: Above 50 | G4: Below10 | H4: Grand Total
A5: Female | B5: 729 | C5: 3294 | E5: 823 | F5: 472 | G5: 576 | H5: 5894
A6: Male | B6: 368 | C6: 1394 | D6: 969 | F6: 1181 | H6: 3912
A7: Grand Total | B7: 1097 | C7: 4688 | D7: 969 | E7: 823 | F7: 1653 | G7: 576 | H7: 9806

Sheet Sheet2
A1: Sum of credits | B1: Column Labels
A2: Row Labels | B2: Above 10 | C2: Above 20 | D2: Above 30 | E2: Above 40 | F2: Above 50 | G2: Below10 | H2: Grand Total
A3: Female | B3: 729 | C3: 3294 | E3: 823 | F3: 472 | G3: 576 | H3: 5894
A4: Male | B4: 368 | C4: 1394 | D4: 969 | F4: 1181 | H4: 3912
A5: Grand Total | B5: 1097 | C5: 4688 | D5: 969 | E5: 823 | F5: 1653 | G5: 576 | H5: 9806

Sheet Sheet3
A3: Row Labels | B3: Sum of credits
A4: France | B4: 2653
A5: Germany | B5: 2715
A6: India | B6: 2196
A7: Spain | B7: 2242
A8: Grand Total | B8: 9806

Sheet Sheet1
A1: Sno | B1: customer | C1: name | D1: credits | E1: Geography | F1: Gender | G1: Age | H1: Balance | I1: Age criteria
A2: 9 | B2: 100009 | C2: Chopra | D2: 368 | E2: France | F2: Male | G2: 18 | H2: 227626 | I2: =IF(Sheet1!G10>50,"Above 50",IF(Sheet1!G10>40,"Above 40",IF(Sheet1!G10>30,"Above 30",IF(Sheet1!G10>20,"Above 20",IF(Sheet1!G10>10,"Above 10","Below10"))))) -> Above 20
A3: 16 | B3: 100016 | C3: Mehta | D3: 407 | E3: Germany | F3: Female | G3: 42 | H3: 13669 | I3: =IF(Sheet1!G17>50,"Above 50",IF(Sheet1!G17>40,"Above 40",IF(Sheet1!G17>30,"Above 30",IF(Sheet1!G17>20,"Above 20",IF(Sheet1!G17>10,"Above 10","Below10"))))) -> Above 20
A4: 8 | B4: 100008 | C4: Patel | D4: 416 | E4: India | F4: Female | G4: 46 | H4: 57283 | I4: =IF(Sheet1!G9>50,"Above 50",IF(Sheet1!G9>40,"Above 40",IF(Sheet1!G9>30,"Above 30",IF(Sheet1!G9>20,"Above 20",IF(Sheet1!G9>10,"Above 10","Below10"))))) -> Above 30 | S4: Student | T4: Semester 1 | U4: Semester2 | V4: Semester 3 | W4: Semester 4 | X4: Capstone | Y4: Overall Score
A5: 7 | B5: 100007 | C5: Yadav | D5: 437 | E5: Spain | F5: Male | G5: 58 | H5: 176103 | I5: =IF(Sheet1!G8>50,"Above 50",IF(Sheet1!G8>40,"Above 40",IF(Sheet1!G8>30,"Above 30",IF(Sheet1!G8>20,"Above 20",IF(Sheet1!G8>10,"Above 10","Below10"))))) -> Above 30 | S5: A | T5: 90 | U5: 78 | V5: 78 | W5: 89 | X5: 90 | Y5: 81 | AC5: =Y6 -> 77
A6: 15 | B6: 100015 | C6: Reddy | D6: 442 | E6: India | F6: Female | G6: 22 | H6: 180396 | I6: =IF(Sheet1!G16>50,"Above 50",IF(Sheet1!G16>40,"Above 40",IF(Sheet1!G16>30,"Above 30",IF(Sheet1!G16>20,"Above 20",IF(Sheet1!G16>10,"Above 10","Below10"))))) -> Above 20 | J6: Anjith Kummmmmar | S6: B | T6: 65 | U6: 76 | V6: 90 | W6: 77 | Y6: =AVERAGE(T6:X6) -> 77 | AB6: 70 | AC6: 78.25
A7: 17 | B7: 100017 | C7: Jain | D7: 472 | E7: France | F7: Female | G7: 51 | H7: 18758 | I7: =IF(Sheet1!G18>50,"Above 50",IF(Sheet1!G18>40,"Above 40",IF(Sheet1!G18>30,"Above 30",IF(Sheet1!G18>20,"Above 20",IF(Sheet1!G18>10,"Above 10","Below10"))))) -> Above 20 | N7: 6 | S7: C | T7: 45 | U7: 89 | V7: 87 | W7: 89 | Y7: =AVERAGE(T7:X7) -> 77.5 | AB7: 75 | AC7: 79.5
A8: 10 | B8: 100010 | C8: Mishra | D8: 476 | E8: India | F8: Male | G8: 39 | H8: 260233 | I8: =IF(Sheet1!G11>50,"Above 50",IF(Sheet1!G11>40,"Above 40",IF(Sheet1!G11>30,"Above 30",IF(Sheet1!G11>20,"Above 20",IF(Sheet1!G11>10,"Above 10","Below10"))))) -> Below10 | N8: 8 | S8: D | T8: 78 | U8: 98 | V8: 89 | W8: 77 | Y8: =AVERAGE(T8:X8) -> 85.5 | AB8: 80 | AC8: 80.75
A9: 13 | B9: 100013 | C9: Gupta | D9: 493 | E9: France | F9: Male | G9: 34 | H9: 22604 | I9: =IF(Sheet1!G14>50,"Above 50",IF(Sheet1!G14>40,"Above 40",IF(Sheet1!G14>30,"Above 30",IF(Sheet1!G14>20,"Above 20",IF(Sheet1!G14>10,"Above 10","Below10"))))) -> Above 10 | N9: 11 | S9: E | T9: 95 | U9: 87 | V9: 77 | W9: 99 | Y9: =AVERAGE(T9:X9) -> 89.5 | AB9: 85 | AC9: 82
A10: 11 | B10: 100011 | C10: Verma | D10: 574 | E10: Spain | F10: Female | G10: 30 | H10: 168272 | I10: =IF(Sheet1!G12>50,"Above 50",IF(Sheet1!G12>40,"Above 40",IF(Sheet1!G12>30,"Above 30",IF(Sheet1!G12>20,"Above 20",IF(Sheet1!G12>10,"Above 10","Below10"))))) -> Above 20 | N10: 12 | AB10: 90 | AC10: 83.25
A11: 4 | B11: 100004 | C11: Bose | D11: 576 | E11: France | F11: Female | G11: 0 | H11: 25710 | I11: =IF(Sheet1!G5>50,"Above 50",IF(Sheet1!G5>40,"Above 40",IF(Sheet1!G5>30,"Above 30",IF(Sheet1!G5>20,"Above 20",IF(Sheet1!G5>10,"Above 10","Below10"))))) -> Above 50 | N11: 34
A12: 5 | B12: 100005 | C12: Saxena | D12: 591 | E12: Spain | F12: Male | G12: 28 | H12: 156201 | I12: =IF(Sheet1!G6>50,"Above 50",IF(Sheet1!G6>40,"Above 40",IF(Sheet1!G6>30,"Above 30",IF(Sheet1!G6>20,"Above 20",IF(Sheet1!G6>10,"Above 10","Below10"))))) -> Above 20 | N12: 4
A13: 6 | B13: 100006 | C13: Kulkarni | D13: 692 | E13: Germany | F13: Female | G13: 29 | H13: 213952 | I13: =IF(Sheet1!G7>50,"Above 50",IF(Sheet1!G7>40,"Above 40",IF(Sheet1!G7>30,"Above 30",IF(Sheet1!G7>20,"Above 20",IF(Sheet1!G7>10,"Above 10","Below10"))))) -> Above 50 | N13: 15
A14: 1 | B14: 100001 | C14: Malhotra | D14: 729 | E14: Germany | F14: Female | G14: 19 | H14: -194164 | I14: =IF(Sheet1!G2>50,"Above 50",IF(Sheet1!G2>40,"Above 40",IF(Sheet1!G2>30,"Above 30",IF(Sheet1!G2>20,"Above 20",IF(Sheet1!G2>10,"Above 10","Below10"))))) -> Above 10 | N14: 16
A15: 2 | B15: 100002 | C15: Iyer | D15: 744 | E15: France | F15: Male | G15: 53 | H15: 0 | I15: =IF(Sheet1!G3>50,"Above 50",IF(Sheet1!G3>40,"Above 40",IF(Sheet1!G3>30,"Above 30",IF(Sheet1!G3>20,"Above 20",IF(Sheet1!G3>10,"Above 10","Below10"))))) -> Above 40 | N15: 17
A16: 3 | B16: 100003 | C16: Nair | D16: 789 | E16: India | F16: Female | G16: 30 | H16: 178650 | I16: =IF(Sheet1!G4>50,"Above 50",IF(Sheet1!G4>40,"Above 40",IF(Sheet1!G4>30,"Above 30",IF(Sheet1!G4>20,"Above 20",IF(Sheet1!G4>10,"Above 10","Below10"))))) -> Above 40
A17: 12 | B17: 100012 | C17: Joshi | D17: 797 | E17: Germany | F17: Female | G17: 27 | H17: 68503 | I17: =IF(Sheet1!G13>50,"Above 50",IF(Sheet1!G13>40,"Above 40",IF(Sheet1!G13>30,"Above 30",IF(Sheet1!G13>20,"Above 20",IF(Sheet1!G13>10,"Above 10","Below10"))))) -> Above 20 | N17: 56
A18: 14 | B18: 100014 | C18: Singh | D18: 803 | E18: Spain | F18: Male | G18: 28 | H18: 164365 | I18: =IF(Sheet1!G15>50,"Above 50",IF(Sheet1!G15>40,"Above 40",IF(Sheet1!G15>30,"Above 30",IF(Sheet1!G15>20,"Above 20",IF(Sheet1!G15>10,"Above 10","Below10"))))) -> Above 50
K25: Rahul | L25: Manjunath
A28: Sno | B28: customer | C28: name | D28: credits | E28: Geography | F28: Gender | G28: Age | H28: Balance | I28: Age criteria | J28: #Error | K28: Text to column
A29: 14 | B29: 100014 | C29: Bose | D29: 803 | E29: Germany | F29: Male | G29: 28 | H29: 164365 | I29: Above 10 | J29: =D29/0 -> #DIV/0! | K29: Tejaswa | L29: Bommisetty | O29: Data Validation
A30: 5 | B30: 100005 | C30: Chopra | D30: 591 | E30: France | F30: Male | G30: 28 | H30: 156201 | I30: Above 20 | J30: =D30/0 -> #DIV/0! | O30: 10
A31: 15 | B31: 100015 | C31: Gupta | D31: 442 | E31: Spain | F31: Female | G31: 22 | H31: 180396 | I31: Below10 | O31: 10
A32: 8 | B32: 100008 | C32: Iyer | D32: 416 | E32: India | F32: Female | G32: 46 | H32: 57283 | I32: Above 10 | O32: 10 | Q32: 23
A33: 3 | B33: 100003 | C33: Jain | D33: 789 | E33: Spain | F33: Female | G33: 30 | H33: 178650 | I33: Above 20 | O33: 10
A34: 10 | B34: 100010 | C34: Joshi | D34: 476 | E34: Germany | F34: Male | G34: 39 | H34: 260233 | I34: Above 20 | O34: 10
A35: 16 | B35: 100016 | C35: Kulkarni | D35: 407 | E35: India | F35: Female | G35: 42 | H35: 13669 | I35: Above 20 | O35: 10
A36: 1 | B36: 100001 | C36: Malhotra | D36: 729 | E36: France | F36: Female | G36: 19 | H36: -194164 | I36: Above 20 | O36: 10
A37: 6 | B37: 100006 | C37: Mehta | D37: 692 | E37: Germany | F37: Female | G37: 29 | H37: 213952 | I37: Above 30 | O37: 10
A38: 12 | B38: 100012 | C38: Mishra | D38: 797 | E38: India | F38: Female | G38: 27 | H38: 68503 | I38: Above 50
A39: 17 | B39: 100017 | C39: Nair | D39: 472 | E39: France | F39: Female | G39: 51 | H39: 18758 | I39: Above 50
A40: 2 | B40: 100002 | C40: Patel | D40: 744 | E40: Germany | F40: Male | G40: 53 | H40: 0 | I40: Above 20
A41: 13 | B41: 100013 | C41: Reddy | D41: 493 | E41: France | F41: Male | G41: 34 | H41: 22604 | I41: Above 30
A42: 9 | B42: 100009 | C42: Saxena | D42: 368 | E42: France | F42: Male | G42: 18 | H42: 227626 | I42: Above 20
A43: 4 | B43: 100004 | C43: Singh | D43: 576 | E43: India | F43: Female | G43: 0 | H43: 25710 | I43: Above 40
A44: 11 | B44: 100011 | C44: Verma | D44: 574 | E44: Spain | F44: Female | G44: 30 | H44: 168272 | I44: Above 50
A45: 7 | B45: 100007 | C45: Yadav | D45: 437 | E45: Spain | F45: Male | G45: 58 | H45: 176103 | I45: Above 40
